edw_table,eds_equivalent_table,Status,is_table_replaced,issue_key,eds_base_table,table,key_cols
coursera_warehouse.edw_prod.deprecated_degree_course_mappings,prod.silver.courral_degree_course_mappings_vw,Done,No,EDSMIG-8306,prod.silver_base.courral_degree_course_mappings,courral_degree_course_mappings,['doc_key']
coursera_warehouse.edw_prod.coach_contents,prod.silver.courral_coach_contents_vw,Done,No,EDSMIG-8301,prod.silver_base.courral_coach_contents,courral_coach_contents,"['version', 'doc_key']"
core_prep.user_registration_first_page_view,prod.general.stg_user_registration_first_page_view,Done,No,EDSMIG-7797,prod.general.stg_user_registration_first_page_view,,
core_prep.user_registration_events_p30d,prod.general.stg_user_registration_events_p30d,Done,No,EDSMIG-7796,prod.general.stg_user_registration_events_p30d,,
coursera_warehouse.edw_prod.workflow_executions,prod.silver.courral_workflow_executions_vw,Done,No,EDSMIG-6081,prod.silver_base.courral_workflow_executions,courral_workflow_executions,['doc_key']
coursera_warehouse.edw_prod.workflow_execution_outputs,prod.silver.courral_workflow_execution_outputs_vw,Done,No,EDSMIG-6080,prod.silver_base.courral_workflow_execution_outputs,courral_workflow_execution_outputs,"['doc_key', 'version', 'transact_seq']"
coursera_warehouse.edw_prod.widgets,prod.silver.courral_widgets_all_vw,Done,No,EDSMIG-6079,prod.silver_base.courral_widgets_all,courral_widgets_all,['widget_id']
coursera_warehouse.edw_prod.widget_session_providers,prod.silver.widget_session_providers_all_vw,Done,No,EDSMIG-6078,prod.silver_base.widget_session_providers_all,widget_session_providers_all,['widget_session_provider_id']
coursera_warehouse.edw_prod.widget_contents,prod.silver.courral_widget_contents_vw,Done,No,EDSMIG-6077,prod.silver_base.courral_widget_contents,courral_widget_contents,"['version', 'doc_key']"
coursera_warehouse.edw_prod.votes,prod.silver.courral_votes_vw,Done,No,EDSMIG-6073,prod.silver_base.courral_votes,courral_votes,"['doc_key', 'vote_ts']"
coursera_warehouse.edw_prod.video_asset_ids,prod.silver.courral_video_asset_ids_vw,Done,No,EDSMIG-6070,prod.silver_base.courral_video_asset_ids,courral_video_asset_ids,['doc_key']
coursera_warehouse.edw_prod.user_roles_history,prod.silver.permissions_user_roles_history_vw,Done,No,EDSMIG-6069,prod.silver_base.permissions_user_roles_history,permissions_user_roles_history,['id']
coursera_warehouse.edw_prod.user_profile_interested_careers,prod.silver_pii.courral_user_profile_interested_careers_vw,Done,No,EDSMIG-6063,prod.silver_base_pii.courral_user_profile_interested_careers,courral_user_profile_interested_careers,"['doc_key', 'interested_career_index']"
coursera_warehouse.edw_prod.user_preferred_domains,prod.silver.courral_user_preferred_domains_vw,Done,No,EDSMIG-6059,prod.silver_base.courral_user_preferred_domains,courral_user_preferred_domains,['user_id']
coursera_warehouse.edw_prod.user_onboarding_interests,prod.silver.courral_user_onboarding_interests_vw,Done,No,EDSMIG-6047,prod.silver_base.courral_user_onboarding_interests,courral_user_onboarding_interests,['doc_key']
coursera_warehouse.edw_prod.user_onboarding_domains,prod.silver.courral_user_onboarding_domains_vw,Done,No,EDSMIG-6043,prod.silver_base.courral_user_onboarding_domains,courral_user_onboarding_domains,"['doc_key', 'preferred_domain_id', 'preferred_subdomain_id']"
coursera_warehouse.edw_prod.university_memberships,prod.silver.courral_partner_memberships_main_vw,Done,No,EDSMIG-6036,prod.silver_base.courral_partner_memberships_main,courral_partner_memberships_main,"['user_id', 'university_id', 'university_membership_role', 'university_membership_ts']"
coursera_warehouse.edw_prod.university_group_memberships,prod.silver.courral_partner_group_memberships_main_vw,Done,No,EDSMIG-6035,prod.silver_base.courral_partner_group_memberships_main,courral_partner_group_memberships_main,"['group_id', 'university_id', 'university_group_membership_role']"
coursera_warehouse.edw_prod.universities,prod.silver.maestro_universities_vw,Done,No,EDSMIG-6033,prod.silver_base.maestro_universities,maestro_universities,['id']
coursera_warehouse.edw_prod.ungraded_lab_contents,prod.silver.courral_ungraded_lab_contents_vw,Done,No,EDSMIG-6031,prod.silver_base.courral_ungraded_lab_contents,courral_ungraded_lab_contents,"['doc_key', 'version']"
coursera_warehouse.edw_prod.topics_universities,prod.silver.static_topics_universities_vw,Done,No,EDSMIG-6024,prod.silver_base.static_topics_universities,,
coursera_warehouse.edw_prod.topics_specializations,prod.silver.static_topics_specializations_vw,Done,No,EDSMIG-6022,prod.silver_base.static_topics_specializations,,
coursera_warehouse.edw_prod.topics,prod.silver.static_topics_vw,Done,No,EDSMIG-6019,prod.silver_base.static_topics,,
coursera_warehouse.edw_prod.third_party_organizations,prod.silver.courral_third_party_organizations_vw,Done,No,EDSMIG-6011,prod.silver_base.courral_third_party_organizations,courral_third_party_organizations,['doc_key']
coursera_warehouse.edw_prod.survey_response_id_to_timestamp_before_20180521,prod.silver.static_survey_response_id_to_timestamp_before_20180521_vw,Done,No,EDSMIG-5997,prod.silver_base.static_survey_response_id_to_timestamp_before_20180521,,
coursera_warehouse.edw_prod.subtitle_metadata,prod.silver.courral_video_subtitle_metadata_vw,Done,No,EDSMIG-5972,prod.silver_base.courral_video_subtitle_metadata,courral_video_subtitle_metadata,['doc_key']
coursera_warehouse.edw_prod.subtitle_job_transcription_vendor,prod.silver.subtitle_job_transcription_vendor_vw,Done,No,EDSMIG-5971,prod.silver_base.subtitle_job_transcription_vendor,subtitle_job_transcription_vendor,['subtitle_job_id']
coursera_warehouse.edw_prod.subtitle_job_subtitle_asset_ids,prod.silver.subtitle_job_subtitle_asset_ids_vw,Done,No,EDSMIG-5970,prod.silver_base.subtitle_job_subtitle_asset_ids,subtitle_job_subtitle_asset_ids,"['subtitle_job_id', 'subtitle_language']"
coursera_warehouse.edw_prod.subtitle_job_manually_uploaded_languages,prod.silver.subtitle_job_manually_uploaded_languages_vw,Done,No,EDSMIG-5969,prod.silver_base.subtitle_job_manually_uploaded_languages,subtitle_job_manually_uploaded_languages,"['subtitle_job_id', 'subtitle_language']"
coursera_warehouse.edw_prod.subscription_trials,prod.silver.payments_subscription_trials_vw,Done,No,EDSMIG-5967,prod.silver_base.payments_subscription_trials,payments_subscription_trials,['subscription_trial_id']
coursera_warehouse.edw_prod.staff_graded_contents,prod.silver.courral_staff_graded_contents_vw,Done,No,EDSMIG-5958,prod.silver_base.courral_staff_graded_contents,courral_staff_graded_contents,"['version', 'doc_key']"
coursera_warehouse.edw_prod.staff_graded_assignment_submission_parts,prod.silver.courral_staff_graded_assignment_submission_parts_vw,Done,No,EDSMIG-5951,prod.silver_base.courral_staff_graded_assignment_submission_parts,courral_staff_graded_assignment_submission_parts,"['version', 'doc_key', 'explode_on_index']"
coursera_warehouse.edw_prod.staff_graded_assignment_part_ordering_v3,prod.silver.courral_staff_graded_assignment_part_ordering_v3_vw,Done,No,EDSMIG-5944,prod.silver_base.courral_staff_graded_assignment_part_ordering_v3,courral_staff_graded_assignment_part_ordering_v3,"['doc_key', 'version', 'definition_id']"
coursera_warehouse.edw_prod.staff_graded_assignment_evaluation_parts,prod.silver.courral_staff_graded_assignment_evaluation_parts_vw,Done,No,EDSMIG-5942,prod.silver_base.courral_staff_graded_assignment_evaluation_parts,courral_staff_graded_assignment_evaluation_parts,"['staff_graded_assignment_id', 'staff_graded_assignment_version', 'evaluation_part_index']"
coursera_warehouse.edw_prod.specializations,prod.silver.static_specializations_vw,Done,No,EDSMIG-5941,prod.silver_base.static_specializations,,
coursera_warehouse.edw_prod.short_form_content_video_activity_tracking,prod.silver.dynamodb_sfc_video_activity_tracking_vw,Done,No,EDSMIG-5925,prod.silver_base.dynamodb_sfc_video_activity_tracking,dynamodb_sfc_video_activity_tracking,"['user_id', 'course_id', 'atom_id', 'session_number', 'session_start_ms']"
coursera_warehouse.edw_prod.short_form_content_course_ga_allowlist,prod.gold_base.short_form_content_course_ga_allowlist,Done,No,EDSMIG-5924,prod.gold_base_base.short_form_content_course_ga_allowlist,,
coursera_warehouse.edw_prod.sessions,prod.silver.static_sessions_vw,Done,No,EDSMIG-5914,prod.silver_base.static_sessions,,
coursera_warehouse.edw_prod.sequence_branches_courses,prod.gold.sequence_branches_courses_vw,Done,No,EDSMIG-5910,prod.gold_base.sequence_branches_courses,,
coursera_warehouse.edw_prod.scoped_content_rules,prod.silver.courral_scoped_content_rules_vw,Done,No,EDSMIG-5900,prod.silver_base.courral_scoped_content_rules,courral_scoped_content_rules,['doc_key']
coursera_warehouse.edw_prod.s12n_progress_course_requirements_substitute_courses,prod.silver.dynamodb_s12n_progress_course_requirements_substitute_courses_vw,Done,No,EDSMIG-5892,prod.silver_base.dynamodb_s12n_progress_course_requirements_substitute_courses,dynamodb_s12n_progress_course_requirements_substitute_courses,"['specialization_id', 'primary_course_order', 'substitute_course_order']"
coursera_warehouse.edw_prod.s12n_progress_course_requirements_primary_courses,prod.silver.dynamodb_s12n_progress_course_requirements_primary_courses_vw,Done,No,EDSMIG-5891,prod.silver_base.dynamodb_s12n_progress_course_requirements_primary_courses,dynamodb_s12n_progress_course_requirements_primary_courses,"['specialization_id', 'primary_course_order']"
coursera_warehouse.edw_prod.role_skill_mapping_node,silver.dynamodb_role_skill_mapping_node_vw,Done,No,EDSMIG-5888,silver_base.dynamodb_role_skill_mapping_node,dynamodb_role_skill_mapping_node,"['branch_name', 'role_id']"
coursera_warehouse.edw_prod.role_skill_mapping_branch,silver.dynamodb_role_skill_mapping_branch_vw,Done,No,EDSMIG-5887,silver_base.dynamodb_role_skill_mapping_branch,dynamodb_role_skill_mapping_branch,['name']
coursera_warehouse.edw_prod.regions,prod.silver.static_regions_vw,Done,No,EDSMIG-5875,prod.silver_base.static_regions,,
coursera_warehouse.edw_prod.redacted_event_keys,prod.silver.static_redacted_event_keys_vw,Done,No,EDSMIG-5874,prod.silver_base.static_redacted_event_keys,,
coursera_warehouse.edw_prod.recurring_payments,prod.silver.payments_recurring_payments_vw,Done,No,EDSMIG-5873,prod.silver_base.payments_recurring_payments,payments_recurring_payments,['recurring_payment_id']
coursera_warehouse.edw_prod.recruiting_positions,prod.silver.recruiting_positions_vw,Done,No,EDSMIG-5872,prod.silver_base.recruiting_positions,recruiting_positions,['id']
coursera_warehouse.edw_prod.recruit_mentors,prod.silver.courral_recruit_mentor_main_vw,Done,No,EDSMIG-5870,prod.silver_base.courral_recruit_mentor_main,courral_recruit_mentor_main,['course_mentor_recruitment_id']
coursera_warehouse.edw_prod.readings,prod.silver.courral_readings_vw,Done,No,EDSMIG-5869,prod.silver_base.courral_readings,courral_readings,"['doc_key', 'version']"
coursera_warehouse.edw_prod.raw_peer_submission_contents,prod.silver.peer_submission_contents_main_vw,Done,No,EDSMIG-5867,prod.silver_base.peer_submission_contents_main,,
coursera_warehouse.edw_prod.raw_peer_review_contents,prod.silver.peer_review_contents_main_vw,Done,No,EDSMIG-5864,prod.silver_base.peer_review_contents_main,,
coursera_warehouse.edw_prod.raw_peer_review_complete_markers,prod.silver.peer_review_complete_markers_main_vw,Done,No,EDSMIG-5863,prod.silver_base.peer_review_complete_markers_main,,
coursera_warehouse.edw_prod.raw_peer_review_authoring_complete_markers,prod.silver.courral_raw_peer_review_authoring_complete_markers_vw,Done,No,EDSMIG-5861,prod.silver_base.courral_raw_peer_review_authoring_complete_markers,courral_raw_peer_review_authoring_complete_markers,"['author_id', 'assignment_id']"
coursera_warehouse.edw_prod.quiz_submissions,prod.silver.static_quiz_submissions_vw,Done,No,EDSMIG-5856,prod.silver_base.static_quiz_submissions,,
coursera_warehouse.edw_prod.qualification_surveys,prod.silver.courral_qualification_surveys_vw,Done,No,EDSMIG-5838,prod.silver_base.courral_qualification_surveys,courral_qualification_surveys,['doc_key']
coursera_warehouse.edw_prod.promotions,prod.silver.payments_promotions_vw,Done,No,EDSMIG-5833,prod.silver_base.payments_promotions,payments_promotions,['promotion_id']
coursera_warehouse.edw_prod.programming_assignment_lab_contents,prod.silver.courral_programming_assignment_lab_contents_vw,Done,No,EDSMIG-5819,prod.silver_base.courral_programming_assignment_lab_contents,,
coursera_warehouse.edw_prod.program_user_coursera_warehouse.edw_product_state_records,prod.silver.enterprise_user_product_state_records_vw,Done,No,EDSMIG-5818,prod.silver_base.enterprise_user_product_state_records,,
coursera_warehouse.edw_prod.professional_certificates,prod.silver.courral_professional_certificates_vw,Done,No,EDSMIG-5815,prod.silver_base.courral_professional_certificates,courral_professional_certificates,['prof_cert_id']
coursera_warehouse.edw_prod.private_community_groups,prod.silver.courral_private_community_groups_vw,Done,No,EDSMIG-5802,prod.silver_base.courral_private_community_groups,courral_private_community_groups,['group_id']
coursera_warehouse.edw_prod.prices,prod.silver.payments_prices_vw,Done,No,EDSMIG-5801,prod.silver_base.payments_prices,,
coursera_warehouse.edw_prod.preset_collections,silver_base.preset_collections,Done,No,EDSMIG-5800,silver_base_base.preset_collections,,
coursera_warehouse.edw_prod.preset_collection_items,silver_base.preset_collection_items,Done,No,EDSMIG-5799,silver_base_base.preset_collection_items,,
coursera_warehouse.edw_prod.placeholder_contents,prod.silver.courral_placeholder_contents_vw,Done,No,EDSMIG-5784,prod.silver_base.courral_placeholder_contents,courral_placeholder_contents,"['version', 'doc_key']"
coursera_warehouse.edw_prod.pii_event_keys,prod.silver.static_pii_event_keys_vw,Done,No,EDSMIG-5782,prod.silver_base.static_pii_event_keys,,
coursera_warehouse.edw_prod.phoenix_specialization_premium_experiences,prod.silver.courral_phoenix_specializations_premium_experiences_vw,Done,No,EDSMIG-5779,prod.silver_base.courral_phoenix_specializations_premium_experiences,courral_phoenix_specializations_premium_experiences,"['doc_key', 'phoenix_specialization_premium_experience_order']"
coursera_warehouse.edw_prod.phoenix_specialization_domains,prod.silver.courral_phoenix_specializations_domains_vw,Done,No,EDSMIG-5775,prod.silver_base.courral_phoenix_specializations_domains,courral_phoenix_specializations_domains,"['doc_key', 'phoenix_specialization_domain_order']"
coursera_warehouse.edw_prod.phoenix_session_module_deadlines,prod.silver.courral_course_session_module_deadlines_vw,Done,No,EDSMIG-5774,prod.silver_base.courral_course_session_module_deadlines,courral_course_session_module_deadlines,"['doc_key', 'course_branch_id', 'course_module_id']"
coursera_warehouse.edw_prod.peer_submissions_no_scores,prod.silver.peer_submission_no_scores_vw,Done,No,EDSMIG-5771,prod.silver_base.peer_submission_no_scores,,
coursera_warehouse.edw_prod.peer_submission_scores_v2,prod.silver.peer_submission_scores_v2_vw,Done,No,EDSMIG-5770,prod.silver_base.peer_submission_scores_v2,,
coursera_warehouse.edw_prod.payments_transactions,prod.silver.static_payments_transactions_vw,Done,No,EDSMIG-5766,prod.silver_base.static_payments_transactions,,
coursera_warehouse.edw_prod.payment_wallets,prod.silver_pii.payment_wallets_vw,Done,No,EDSMIG-5764,prod.silver_base_pii.payment_wallets,payment_wallets,['payment_wallet_id']
coursera_warehouse.edw_prod.on_demand_sessions,prod.silver.courral_course_sessions_vw,Done,No,EDSMIG-5735,prod.silver_base.courral_course_sessions,courral_course_sessions,['doc_key']
coursera_warehouse.edw_prod.numbers,prod.silver.static_numbers_vw,Done,No,EDSMIG-5731,prod.silver_base.static_numbers,,
coursera_warehouse.edw_prod.notifications_preference,prod.silver.courral_notifications_preference_vw,Done,No,EDSMIG-5729,prod.silver_base.courral_notifications_preference,courral_notifications_preference,"['doc_key', 'preference_category']"
coursera_warehouse.edw_prod.notebook_workspace_launchers,prod.silver.notebook_workspace_launchers_vw,Done,No,EDSMIG-5725,prod.silver_base.notebook_workspace_launchers,,
coursera_warehouse.edw_prod.mysql_permission_user_roles,prod.silver.permissions_mysql_permission_user_roles_vw,Done,No,EDSMIG-5719,prod.silver_base.permissions_mysql_permission_user_roles,permissions_mysql_permission_user_roles,['id']
coursera_warehouse.edw_prod.mysql_permission_role_object_permission_objects,prod.silver.rds_role_object_permission_objects_vw,Done,No,EDSMIG-5717,prod.silver_base.rds_role_object_permission_objects,rds_role_object_permission_objects,['id']
coursera_warehouse.edw_prod.mega_int_chtng_case,prod.silver.courral_cheating_cases_vw,Done,No,EDSMIG-5698,prod.silver_base.courral_cheating_cases,courral_cheating_cases,['doc_key']
coursera_warehouse.edw_prod.mega_authoring_course_branches,prod.silver.courral_authoring_course_branches_vw,Done,No,EDSMIG-5695,prod.silver_base.courral_authoring_course_branches,,
coursera_warehouse.edw_prod.mega_authoring_course_branch_schedules_week,prod.silver.courral_authoring_course_branch_schedules_week_vw,Done,No,EDSMIG-5694,prod.silver_base.courral_authoring_course_branch_schedules_week,,
coursera_warehouse.edw_prod.mega_authoring_course_branch_schedules,prod.silver.courral_authoring_course_branch_schedules_vw,Done,No,EDSMIG-5693,prod.silver_base.courral_authoring_course_branch_schedules,courral_authoring_course_branch_schedules,"['raw_id', 'module_id']"
coursera_warehouse.edw_prod.mega_authoring_course_branch_required_elements,prod.silver.courral_authoring_course_branch_required_elements_vw,Done,No,EDSMIG-5692,prod.silver_base.courral_authoring_course_branch_required_elements,courral_authoring_course_branch_required_elements,"['doc_key', 'required_element_id']"
coursera_warehouse.edw_prod.mega_authoring_course_branch_published_module_ids,prod.general.stg_course_branch_published_module_ids_vw,Done,No,EDSMIG-5689,prod.general.stg_course_branch_published_module_ids,,
coursera_warehouse.edw_prod.mega_authoring_course_branch_published_lesson_ids,prod.general.stg_course_branch_lesson_elements_vw,Done,No,EDSMIG-5688,prod.general.stg_course_branch_lesson_elements,,
coursera_warehouse.edw_prod.mega_authoring_course_branch_modules,prod.silver.courral_authoring_course_branch_modules_vw,Done,No,EDSMIG-5687,prod.silver_base.courral_authoring_course_branch_modules,courral_authoring_course_branch_modules,"['doc_key', 'module_id']"
coursera_warehouse.edw_prod.mega_authoring_course_branch_module_order,prod.silver.courral_authoring_course_branch_module_order_vw,Done,No,EDSMIG-5686,prod.silver_base.courral_authoring_course_branch_module_order,courral_authoring_course_branch_module_order,"['doc_key', 'module_id']"
coursera_warehouse.edw_prod.mega_authoring_course_branch_mappings,prod.silver.courral_authoring_course_branch_id_map_vw,Done,No,EDSMIG-5685,prod.silver_base.courral_authoring_course_branch_id_map,courral_authoring_course_branch_id_map,"['doc_key', 'authoring_course_branch_id']"
coursera_warehouse.edw_prod.mega_authoring_course_branch_lessons,prod.silver.courral_authoring_course_branch_lessons_vw,Done,No,EDSMIG-5684,prod.silver_base.courral_authoring_course_branch_lessons,courral_authoring_course_branch_lessons,"['doc_key', 'lesson_id']"
coursera_warehouse.edw_prod.mega_authoring_course_branch_lesson_order,prod.silver.courral_authoring_course_branch_lesson_order_vw,Done,No,EDSMIG-5683,prod.silver_base.courral_authoring_course_branch_lesson_order,courral_authoring_course_branch_lesson_order,"['doc_key', 'module_id', 'lesson_id']"
coursera_warehouse.edw_prod.mega_authoring_course_branch_lesson_elements,prod.silver.courral_authoring_course_branch_lesson_elements_vw,Done,No,EDSMIG-5682,prod.silver_base.courral_authoring_course_branch_lesson_elements,courral_authoring_course_branch_lesson_elements,"['doc_key', 'lesson_element_id']"
coursera_warehouse.edw_prod.mega_authoring_course_branch_items,prod.silver.courral_authoring_course_branch_items_vw,Done,No,EDSMIG-5681,prod.silver_base.courral_authoring_course_branch_items,courral_authoring_course_branch_items,"['doc_key', 'item_id']"
coursera_warehouse.edw_prod.mega_authoring_course_branch_id_map,prod.silver.courral_authoring_course_branch_id_map_vw,Done,No,EDSMIG-5680,prod.silver_base.courral_authoring_course_branch_id_map,courral_authoring_course_branch_id_map,"['doc_key', 'authoring_course_branch_id']"
coursera_warehouse.edw_prod.mega_authoring_course_branch_honors_lessons,prod.silver.courral_authoring_course_branch_honors_lessons_vw,Done,No,EDSMIG-5679,prod.silver_base.courral_authoring_course_branch_honors_lessons,courral_authoring_course_branch_honors_lessons,"['doc_key', 'honors_lesson_id']"
coursera_warehouse.edw_prod.mega_authoring_course_branch_grading_weights,prod.silver.courral_authoring_course_branch_grading_weights_vw,Done,No,EDSMIG-5678,prod.silver_base.courral_authoring_course_branch_grading_weights,courral_authoring_course_branch_grading_weights,"['doc_key', 'item_id']"
coursera_warehouse.edw_prod.mega_authoring_course_branch_grading_policies,prod.silver.courral_authoring_course_branch_grading_policies_vw,Done,No,EDSMIG-5677,prod.silver_base.courral_authoring_course_branch_grading_policies,courral_authoring_course_branch_grading_policies,"['doc_key', 'grading_policy']"
coursera_warehouse.edw_prod.mega_authoring_course_branch_grading_late_penalties,prod.silver.courral_authoring_course_branch_grading_late_penalties_vw,Done,No,EDSMIG-5676,prod.silver_base.courral_authoring_course_branch_grading_late_penalties,courral_authoring_course_branch_grading_late_penalties,"['doc_key', 'item_id']"
coursera_warehouse.edw_prod.mega_authoring_course_branch_graded_assignment_groups_items,prod.silver.courral_authoring_course_branch_graded_assignment_group_items_vw,Done,No,EDSMIG-5675,prod.silver_base.courral_authoring_course_branch_graded_assignment_group_items,courral_authoring_course_branch_graded_assignment_group_items,"['doc_key', 'graded_assignment_group_id', 'graded_assignment_group_item_id']"
coursera_warehouse.edw_prod.mega_authoring_course_branch_graded_assignment_groups,prod.silver.courral_authoring_course_branch_graded_assignment_groups_vw,Done,No,EDSMIG-5674,prod.silver_base.courral_authoring_course_branch_graded_assignment_groups,courral_authoring_course_branch_graded_assignment_groups,"['doc_key', 'graded_assignment_group_id']"
coursera_warehouse.edw_prod.lti_tools,prod.silver.courral_lti_tools_vw,Done,No,EDSMIG-5666,prod.silver_base.courral_lti_tools,courral_lti_tools,"['version', 'doc_key']"
coursera_warehouse.edw_prod.lti_tool_contents,prod.silver.courral_lti_tool_contents_vw,Done,No,EDSMIG-5665,prod.silver_base.courral_lti_tool_contents,courral_lti_tool_contents,"['version', 'doc_key']"
coursera_warehouse.edw_prod.levelset_sessions_versions,prod.silver.levelset_sessions_versions_vw,Done,No,EDSMIG-5653,prod.silver_base.levelset_sessions_versions,,
coursera_warehouse.edw_prod.levelset_sessions_scores,prod.silver.levelset_sessions_scores_vw,Done,No,EDSMIG-5652,prod.silver_base.levelset_sessions_scores,,
coursera_warehouse.edw_prod.levelset_sessions_metadata,prod.silver.levelset_sessions_versions_vw,Done,No,EDSMIG-5651,prod.silver_base.levelset_sessions_versions,,
coursera_warehouse.edw_prod.lecture_views,prod.silver.static_lecture_views_vw,Done,No,EDSMIG-5646,prod.silver_base.static_lecture_views,,
coursera_warehouse.edw_prod.lecture_contents,prod.silver.courral_lecture_contents_vw,Done,No,EDSMIG-5645,prod.silver_base.courral_lecture_contents,courral_lecture_contents,"['version', 'doc_key']"
coursera_warehouse.edw_prod.learning_objectives,prod.silver.courral_learn_objective_main_vw,Done,No,EDSMIG-5643,prod.silver_base.courral_learn_objective_main,courral_learn_objective_main,['doc_key']
coursera_warehouse.edw_prod.learner_goals,prod.silver.learner_goals_vw,Done,No,EDSMIG-5631,prod.silver_base.learner_goals,learner_goals,['raw_id']
coursera_warehouse.edw_prod.learner_goal_progress_info,prod.silver.learner_goal_progress_info_vw,Done,No,EDSMIG-5630,prod.silver_base.learner_goal_progress_info,learner_goal_progress_info,"['raw_id', 'progress_key']"
coursera_warehouse.edw_prod.learner_course_schedules,prod.silver.courral_learner_course_schedules_vw,Done,No,EDSMIG-5627,prod.silver_base.courral_learner_course_schedules,courral_learner_course_schedules,"['user_id', 'course_id', 'version']"
coursera_warehouse.edw_prod.learner_course_schedule_modules,prod.silver.courral_learner_course_schedule_modules_vw,Done,No,EDSMIG-5624,prod.silver_base.courral_learner_course_schedule_modules,courral_learner_course_schedule_modules,"['user_id', 'course_id', 'module_id', 'version']"
coursera_warehouse.edw_prod.learner_course_schedule_items,prod.silver.courral_learner_course_schedule_items_vw,Done,No,EDSMIG-5620,prod.silver_base.courral_learner_course_schedule_items,courral_learner_course_schedule_items,"['user_id', 'course_id', 'item_id', 'version']"
coursera_warehouse.edw_prod.labs_instructor_templates,prod.silver.courral_labs_instructor_templates_vw,Done,No,EDSMIG-5614,prod.silver_base.courral_labs_instructor_templates,,
coursera_warehouse.edw_prod.labs_images,prod.silver.courral_labs_images_vw,Done,No,EDSMIG-5611,prod.silver_base.courral_labs_images,courral_labs_images,['id_record']
coursera_warehouse.edw_prod.instructors,prod.gold_pii.instructors_vw,Done,No,EDSMIG-5601,prod.gold_base_pii.instructors,,
coursera_warehouse.edw_prod.ifc_markets,prod.silver.static_ifc_markets_vw,Done,No,EDSMIG-5596,prod.silver_base.static_ifc_markets,,
coursera_warehouse.edw_prod.hg_assessment_submissions,prod.silver.static_hg_assessment_submissions_vw,Done,No,EDSMIG-5587,prod.silver_base.static_hg_assessment_submissions,,
coursera_warehouse.edw_prod.hg_assessment_evaluations,prod.silver.static_hg_assessment_evaluations_vw,Done,No,EDSMIG-5582,prod.silver_base.static_hg_assessment_evaluations,,
coursera_warehouse.edw_prod.groups,prod.gold.groups_vw,Done,No,EDSMIG-5580,prod.gold_base.groups,,
coursera_warehouse.edw_prod.group_entitlement_redemptions,prod.silver.courral_group_entitlement_redemptions_main_vw,Done,No,EDSMIG-5576,prod.silver_base.courral_group_entitlement_redemptions_main,courral_group_entitlement_redemptions_main,['group_entitlement_redemption_id']
coursera_warehouse.edw_prod.grid_executors,prod.silver.courral_grid_executor_main_vw,Done,No,EDSMIG-5575,prod.silver_base.courral_grid_executor_main,courral_grid_executor_main,['grid_executor_id']
coursera_warehouse.edw_prod.feedback_item_comments,prod.general.feedback_item_comments_vw,Done,No,EDSMIG-5552,prod.general.feedback_item_comments,,
coursera_warehouse.edw_prod.feedback_detailed_context_types,prod.silver.static_feedback_detailed_context_types_vw,Done,No,EDSMIG-5550,prod.silver_base.static_feedback_detailed_context_types,,
coursera_warehouse.edw_prod.fb_friends,prod.silver.static_fb_friends_vw,Done,No,EDSMIG-5545,prod.silver_base.static_fb_friends,,
coursera_warehouse.edw_prod.fb_education_histories,prod.silver.static_fb_education_histories_vw,Done,No,EDSMIG-5543,prod.silver_base.static_fb_education_histories,,
coursera_warehouse.edw_prod.enterprise_versioned_target_skill_profiles,prod.silver.courral_enterprise_versioned_target_skill_profiles_vw,Done,No,EDSMIG-5534,prod.silver_base.courral_enterprise_versioned_target_skill_profiles,courral_enterprise_versioned_target_skill_profiles,"['version', 'doc_key']"
coursera_warehouse.edw_prod.enterprise_versioned_programs,prod.silver.enterprise_versioned_programs_vw,Done,No,EDSMIG-5532,prod.silver_base.enterprise_versioned_programs,,
coursera_warehouse.edw_prod.enterprise_versioned_program_target_skill_profiles,prod.silver.enterprise_versioned_program_target_skill_profiles_vw,Done,No,EDSMIG-5531,prod.silver_base.enterprise_versioned_program_target_skill_profiles,,
coursera_warehouse.edw_prod.enterprise_user_rosters_v2,silver.enterprise_user_rosters_vw,Done,No,EDSMIG-5527,silver_base.enterprise_user_rosters,enterprise_user_rosters,['id']
coursera_warehouse.edw_prod.enterprise_user_rosters,prod.silver.enterprise_user_rosters_vw,Done,No,EDSMIG-5526,prod.silver_base.enterprise_user_rosters,enterprise_user_rosters,['id']
coursera_warehouse.edw_prod.enterprise_settings,prod.silver.enterprise_settings_vw,Done,No,EDSMIG-5522,prod.silver_base.enterprise_settings,enterprise_settings,['doc_key']
coursera_warehouse.edw_prod.enterprise_programs_courses,prod.gold.enterprise_programs_courses_vw,Done,No,EDSMIG-5521,prod.gold_base.enterprise_programs_courses,,
coursera_warehouse.edw_prod.enterprise_programs,prod.general.stg_enterprise_programs,Done,No,EDSMIG-5520,prod.general.stg_enterprise_programs,,
coursera_warehouse.edw_prod.enterprise_coursera_warehouse.edw_product_restrictions,prod.silver.enterprise_product_restrictions_vw,Done,No,EDSMIG-5516,prod.silver_base.enterprise_product_restrictions,,
coursera_warehouse.edw_prod.enterprise_private_courses,prod.silver.courral_enterprise_private_courses_vw,Done,No,EDSMIG-5515,prod.silver_base.courral_enterprise_private_courses,,
coursera_warehouse.edw_prod.enterprise_curriculum_builder_accreditation_tags,prod.silver.enterprise_curriculum_builder_accreditation_tags_vw,Done,No,EDSMIG-5511,prod.silver_base.enterprise_curriculum_builder_accreditation_tags,enterprise_curriculum_builder_accreditation_tags,"['organization_id', 'product_id', 'program_id']"
coursera_warehouse.edw_prod.enterprise_contracts,prod.silver.payments_enterprise_contracts_vw,Done,No,EDSMIG-5510,prod.silver_base.payments_enterprise_contracts,payments_enterprise_contracts,['enterprise_contract_id']
coursera_warehouse.edw_prod.enterprise_contract_tags_history,prod.silver.enterprise_contract_tags_history_vw,Done,No,EDSMIG-5508,prod.silver_base.enterprise_contract_tags_history,,
coursera_warehouse.edw_prod.enterprise_contract_payments,prod.silver.payments_enterprise_contract_payments_vw,Done,No,EDSMIG-5505,prod.silver_base.payments_enterprise_contract_payments,payments_enterprise_contract_payments,['enterprise_contract_payment_id']
coursera_warehouse.edw_prod.enterprise_content_assignments,prod.silver.enterprise_content_assignments_vw,Done,No,EDSMIG-5503,prod.silver_base.enterprise_content_assignments,enterprise_content_assignments,"['program_id', 'user_key', 'content_type', 'content_id']"
coursera_warehouse.edw_prod.enterprise_client_partner_mappings,prod.silver.courral_enterprise_client_partner_mappings_vw,Done,No,EDSMIG-5501,prod.silver_base.courral_enterprise_client_partner_mappings,courral_enterprise_client_partner_mappings,"['client_scope', 'client_id', 'partner_id']"
coursera_warehouse.edw_prod.enterprise2_program_membership_actions,prod.silver.enterprise_program_membership_actions_vw,Done,No,EDSMIG-5496,prod.silver_base.enterprise_program_membership_actions,enterprise_program_membership_actions,['enterprise_program_membership_action_id']
coursera_warehouse.edw_prod.ecb_user_evaluations,prod.silver.courral_ecb_user_evaluations_vw,Done,No,EDSMIG-5483,prod.silver_base.courral_ecb_user_evaluations,courral_ecb_user_evaluations,"['doc_key', 'ecb_evaluation_id']"
coursera_warehouse.edw_prod.ecb_evaluators,prod.silver.courral_ecb_evaluators_vw,Done,No,EDSMIG-5482,prod.silver_base.courral_ecb_evaluators,courral_ecb_evaluators,['doc_key']
coursera_warehouse.edw_prod.ecb_evaluator_author,prod.silver.courral_ecb_evaluator_author_vw,Done,No,EDSMIG-5481,prod.silver_base.courral_ecb_evaluator_author,courral_ecb_evaluator_author,['doc_key']
coursera_warehouse.edw_prod.ecb_evaluations,prod.silver.courral_ecb_evaluations_vw,Done,No,EDSMIG-5480,prod.silver_base.courral_ecb_evaluations,courral_ecb_evaluations,"['doc_key', 'ecb_evaluator_id']"
coursera_warehouse.edw_prod.ecb_engines,prod.silver.courral_ecb_engines_vw,Done,No,EDSMIG-5479,prod.silver_base.courral_ecb_engines,courral_ecb_engines,"['version', 'doc_key', 'ecb_engine_id']"
coursera_warehouse.edw_prod.ecb_course_evaluators,prod.gold.ecb_course_evaluators_vw,Done,No,EDSMIG-5478,prod.gold_base.ecb_course_evaluators,,
coursera_warehouse.edw_prod.discussion_prompt_contents,prod.silver.courral_discussion_prompt_contents_vw,Done,No,EDSMIG-5472,prod.silver_base.courral_discussion_prompt_contents,courral_discussion_prompt_contents,"['version', 'doc_key']"
coursera_warehouse.edw_prod.discussion_prompt_assignments,prod.silver.courral_discussion_prompt_assignments_vw,Done,No,EDSMIG-5471,prod.silver_base.courral_discussion_prompt_assignments,courral_discussion_prompt_assignments,"['discussion_prompt_assignment_id', 'version']"
coursera_warehouse.edw_prod.demographics_questions,prod.silver.static_demographics_questions_vw,Done,No,EDSMIG-5452,prod.silver_base.static_demographics_questions,,
coursera_warehouse.edw_prod.demographics_question_types,prod.silver.static_demographics_question_types_vw,Done,No,EDSMIG-5451,prod.silver_base.static_demographics_question_types,,
coursera_warehouse.edw_prod.demographics_choices,prod.silver.static_demographics_choices_vw,Done,No,EDSMIG-5450,prod.silver_base.static_demographics_choices,,
coursera_warehouse.edw_prod.demographics_answers,prod.silver.static_demographics_answers_vw,Done,No,EDSMIG-5449,prod.silver_base.static_demographics_answers,,
coursera_warehouse.edw_prod.degree_term_course_instances,prod.silver.courral_degree_term_course_instances_vw,Done,No,EDSMIG-5444,prod.silver_base.courral_degree_term_course_instances,courral_degree_term_course_instances,['doc_key']
coursera_warehouse.edw_prod.degree_student_associations,prod.silver.courral_degree_student_associations_vw,Done,No,EDSMIG-5443,prod.silver_base.courral_degree_student_associations,courral_degree_student_associations,['doc_key']
coursera_warehouse.edw_prod.degree_programs,prod.silver.courral_degree_programs_vw,Done,No,EDSMIG-5440,prod.silver_base.courral_degree_programs,courral_degree_programs,['doc_key']
coursera_warehouse.edw_prod.degree_program_academic_terms,prod.silver.courral_degree_program_academic_terms_vw,Done,No,EDSMIG-5439,prod.silver_base.courral_degree_program_academic_terms,courral_degree_program_academic_terms,['doc_key']
coursera_warehouse.edw_prod.degree_onboarding_sessions,prod.silver.courral_degree_onboarding_sessions_vw,Done,No,EDSMIG-5438,prod.silver_base.courral_degree_onboarding_sessions,courral_degree_onboarding_sessions,['doc_key']
coursera_warehouse.edw_prod.degree_memberships,prod.silver.courral_degree_memberships_vw,Done,No,EDSMIG-5437,prod.silver_base.courral_degree_memberships,courral_degree_memberships,['doc_key']
coursera_warehouse.edw_prod.degree_membership_history,prod.silver.courral_degree_membership_history_vw,Done,No,EDSMIG-5436,prod.silver_base.courral_degree_membership_history,courral_degree_membership_history,"['doc_key', 'transact_seq']"
coursera_warehouse.edw_prod.degree_groups_metadata,prod.silver.courral_degree_groups_metadata_vw,Done,No,EDSMIG-5434,prod.silver_base.courral_degree_groups_metadata,courral_degree_groups_metadata,['doc_key']
coursera_warehouse.edw_prod.degree_enrollment_checklist_user_settings_history,prod.silver.courral_degree_enrollment_checklist_user_settings_history_vw,Done,No,EDSMIG-5433,prod.silver_base.courral_degree_enrollment_checklist_user_settings_history,courral_degree_enrollment_checklist_user_settings_history,"['doc_key', 'transact_seq']"
coursera_warehouse.edw_prod.degree_course_enrollment_indicators,prod.silver.courral_degree_course_enrollment_indicators_vw,Done,No,EDSMIG-5428,prod.silver_base.courral_degree_course_enrollment_indicators,courral_degree_course_enrollment_indicators,['doc_key']
coursera_warehouse.edw_prod.curriculum_type,prod.silver.curriculum_type_vw,Done,No,EDSMIG-5420,prod.silver_base.curriculum_type,,
coursera_warehouse.edw_prod.curriculum_track_courses_all,prod.gold.curriculum_track_courses_all_vw,Done,No,EDSMIG-5419,prod.gold_base.curriculum_track_courses_all,,
coursera_warehouse.edw_prod.curriculum_track_courses,prod.silver.curriculum_track_courses_vw,Done,No,EDSMIG-5418,prod.silver_base.curriculum_track_courses,,
coursera_warehouse.edw_prod.curriculum_elective_track_courses,prod.silver.curriculum_elective_track_courses_vw,Done,No,EDSMIG-5416,prod.silver_base.curriculum_elective_track_courses,,
coursera_warehouse.edw_prod.currencies,prod.silver.payments_currencies_vw,Done,No,EDSMIG-5413,prod.silver_base.payments_currencies,payments_currencies,['currency_id']
coursera_warehouse.edw_prod.course_visibility_history,prod.silver.courral_versioned_courses_vw,Done,No,EDSMIG-5404,prod.silver_base.courral_versioned_courses,courral_versioned_courses,"['version', 'doc_key']"
coursera_warehouse.edw_prod.course_universities,prod.general.stg_course_universities_vw,Done,No,EDSMIG-5403,prod.general.stg_course_universities,,
coursera_warehouse.edw_prod.course_subtitle_languages,prod.silver.courral_course_subtitles_vw,Done,No,EDSMIG-5402,prod.silver_base.courral_course_subtitles,courral_course_subtitles,"['doc_key', 'idx']"
coursera_warehouse.edw_prod.course_stories,prod.silver_pii.courral_course_stories_vw,Done,No,EDSMIG-5401,prod.silver_base_pii.courral_course_stories,courral_course_stories,['doc_key']
coursera_warehouse.edw_prod.course_session_memberships,prod.silver.courral_course_session_memberships_all_vw,Done,No,EDSMIG-5399,prod.silver_base.courral_course_session_memberships_all,courral_course_session_memberships_all,"['version', 'doc_key']"
coursera_warehouse.edw_prod.course_progress_state_types,prod.silver.static_course_progress_state_types_vw,Done,No,EDSMIG-5394,prod.silver_base.static_course_progress_state_types,,
coursera_warehouse.edw_prod.course_premium_experiences,prod.silver.courral_course_premium_experiences_vw,Done,No,EDSMIG-5393,prod.silver_base.courral_course_premium_experiences,courral_course_premium_experiences,"['version', 'doc_key', 'idx']"
coursera_warehouse.edw_prod.course_passing_states,prod.silver.static_course_passing_states_vw,Done,No,EDSMIG-5392,prod.silver_base.static_course_passing_states,,
coursera_warehouse.edw_prod.course_item_passing_states,prod.silver.static_course_item_passing_states_vw,Done,No,EDSMIG-5386,prod.silver_base.static_course_item_passing_states,,
coursera_warehouse.edw_prod.course_item_change_log,prod.silver.courral_course_item_change_log_vw,Done,No,EDSMIG-5384,prod.silver_base.courral_course_item_change_log,courral_course_item_change_log,"['version', 'doc_key']"
coursera_warehouse.edw_prod.course_instructors,prod.gold_pii.course_instructors_vw,Done,No,EDSMIG-5383,prod.gold_base_pii.course_instructors,,
coursera_warehouse.edw_prod.course_domains,prod.silver.courral_course_domains_vw,Done,No,EDSMIG-5381,prod.silver_base.courral_course_domains,courral_course_domains,"['doc_key', 'domainId', 'subdomainId']"
coursera_warehouse.edw_prod.course_builder_workflows,prod.silver.dynamodb_static_course_builder_workflows_vw,Done,No,EDSMIG-5377,prod.silver_base.dynamodb_static_course_builder_workflows,,
coursera_warehouse.edw_prod.course_builder_v2_workflows,prod.silver.dynamodb_course_builder_v2_workflows_vw,Done,No,EDSMIG-5376,prod.silver_base.dynamodb_course_builder_v2_workflows,,
coursera_warehouse.edw_prod.course_branches,prod.general.stg_course_branches,Done,No,EDSMIG-5372,prod.general.stg_course_branches,,
coursera_warehouse.edw_prod.course_branch_modules,prod.gold.course_branch_modules_vw,Done,No,EDSMIG-5369,prod.gold_base.course_branch_modules,,
coursera_warehouse.edw_prod.course_branch_lessons,prod.gold.course_branch_lessons_vw,Done,No,EDSMIG-5367,prod.gold_base.course_branch_lessons,,
coursera_warehouse.edw_prod.course_branch_items,prod.gold.course_branch_items_vw,Done,No,EDSMIG-5365,prod.gold_base.course_branch_items,,
coursera_warehouse.edw_prod.course_branch_grading_weights,prod.general.stg_courral_course_branch_grading_weights,Done,No,EDSMIG-5359,prod.general.stg_courral_course_branch_grading_weights,,
coursera_warehouse.edw_prod.course_branch_grading_policies,prod.general.stg_course_branch_grading_policies_vw,Done,No,EDSMIG-5358,prod.general.stg_course_branch_grading_policies,,
coursera_warehouse.edw_prod.course_branch_graded_assignment_groups_items,prod.general.stg_courral_course_branch_graded_assignment_group_items,Done,No,EDSMIG-5357,prod.general.stg_courral_course_branch_graded_assignment_group_items,,
coursera_warehouse.edw_prod.course_branch_graded_assignment_groups,prod.general.stg_courral_course_branch_graded_assignment_groups,Done,No,EDSMIG-5356,prod.general.stg_courral_course_branch_graded_assignment_groups,,
coursera_warehouse.edw_prod.courral_private_community_groups,prod.silver.courral_private_community_groups_vw,Done,No,EDSMIG-5324,prod.silver_base.courral_private_community_groups,courral_private_community_groups,['group_id']
coursera_warehouse.edw_prod.courral_groups,prod.silver.courral_groups_vw,Done,No,EDSMIG-5321,prod.silver_base.courral_groups,courral_groups,['doc_key']
coursera_warehouse.edw_prod.courral_group_scope_ids,prod.silver.courral_group_scope_ids_vw,Done,No,EDSMIG-5320,prod.silver_base.courral_group_scope_ids,courral_group_scope_ids,"['doc_key', 'scope_id']"
coursera_warehouse.edw_prod.courral_feedback_vote_counts,prod.silver.courral_feedback_helpful_vote_counts_vw,Done,No,EDSMIG-5319,prod.silver_base.courral_feedback_helpful_vote_counts,courral_feedback_helpful_vote_counts,"['version', 'doc_key']"
coursera_warehouse.edw_prod.courral_feedback_ratings,prod.silver.courral_feedback_ratings_vw,Done,No,EDSMIG-5318,prod.silver_base.courral_feedback_ratings,courral_feedback_ratings,"['version', 'doc_key']"
coursera_warehouse.edw_prod.courral_feedback_detailed_contexts,prod.silver.courral_feedback_detailed_contexts_vw,Done,No,EDSMIG-5317,prod.silver_base.courral_feedback_detailed_contexts,courral_feedback_detailed_contexts,"['version', 'doc_key']"
coursera_warehouse.edw_prod.courral_feedback_comments,prod.silver.courral_feedback_comments_vw,Done,No,EDSMIG-5316,prod.silver_base.courral_feedback_comments,courral_feedback_comments,"['version', 'doc_key', 'feedback_category']"
coursera_warehouse.edw_prod.courral_feedback_comment_statuses,prod.silver.courral_feedback_comment_status_vw,Done,No,EDSMIG-5315,prod.silver_base.courral_feedback_comment_status,courral_feedback_comment_status,"['version', 'doc_key']"
coursera_warehouse.edw_prod.coupons,prod.silver.payments_coupons_vw,Done,No,EDSMIG-5305,prod.silver_base.payments_coupons,payments_coupons,['id']
coursera_warehouse.edw_prod.countries,prod.silver.static_countries_vw,Done,No,EDSMIG-5303,prod.silver_base.static_countries,,
coursera_warehouse.edw_prod.core_skills_taxonomy_node2,prod.silver.dynamodb_core_skills_taxonomy_node_vw,Done,No,EDSMIG-5301,prod.silver_base.dynamodb_core_skills_taxonomy_node,dynamodb_core_skills_taxonomy_node,"['branch_name', 'id']"
coursera_warehouse.edw_prod.core_skills_taxonomy_branch,prod.silver.dynamodb_core_skills_taxonomy_branch_vw,Done,No,EDSMIG-5300,prod.silver_base.dynamodb_core_skills_taxonomy_branch,dynamodb_core_skills_taxonomy_branch,"['name', 'created_at']"
coursera_warehouse.edw_prod.continents,prod.silver.static_continents_vw,Done,No,EDSMIG-5294,prod.silver_base.static_continents,,
coursera_warehouse.edw_prod.clip_generated_content,prod.silver.clip_generated_content_vw,Done,No,EDSMIG-5284,prod.silver_base.clip_generated_content,,
coursera_warehouse.edw_prod.cheating_case_comments,prod.silver.courral_cheating_case_comments_vw,Done,No,EDSMIG-5279,prod.silver_base.courral_cheating_case_comments,courral_cheating_case_comments,"['doc_key', 'evidence_id']"
coursera_warehouse.edw_prod.certificates,prod.silver.courral_certificates_vw,Done,No,EDSMIG-5276,prod.silver_base.courral_certificates,courral_certificates,['doc_key']
coursera_warehouse.edw_prod.cassandra_deleted_mailspin_campaign,prod.silver.static_cassandra_deleted_mailspin_campaign_vw,Done,No,EDSMIG-5271,prod.silver_base.static_cassandra_deleted_mailspin_campaign,,
coursera_warehouse.edw_prod.carts,prod.silver.payments_carts_vw,Done,No,EDSMIG-5270,prod.silver_base.payments_carts,payments_carts,['id']
coursera_warehouse.edw_prod.cart_items,prod.silver.payments_cart_items_vw,Done,No,EDSMIG-5269,prod.silver_base.payments_cart_items,payments_cart_items,['id']
coursera_warehouse.edw_prod.cal_qtr,prod.silver.static_quarters_vw,Done,No,EDSMIG-5265,prod.silver_base.static_quarters,,
coursera_warehouse.edw_prod.cal_dy,prod.silver.static_cal_dy_vw,Done,No,EDSMIG-5261,prod.silver_base.static_cal_dy,,
coursera_warehouse.edw_prod.branch_current_grades_v2,prod.silver.kinesis_branch_grades_latest_vw,Done,No,EDSMIG-5256,prod.silver_base.kinesis_branch_grades_latest,kinesis_branch_grades_latest,"['course_branch_id', 'user_id']"
coursera_warehouse.edw_prod.autoenrollment_degree_course_prereqs,prod.silver.static_autoenrollment_degree_course_prereqs_vw,Done,No,EDSMIG-5231,prod.silver_base.static_autoenrollment_degree_course_prereqs,,
coursera_warehouse.edw_prod.authoring_learning_objective_course_branch_modules,prod.silver.courral_authoring_learning_objective_course_branch_modules_vw,Done,No,EDSMIG-5219,prod.silver_base.courral_authoring_learning_objective_course_branch_modules,courral_authoring_learning_objective_course_branch_modules,"['course_branch_module_id', 'learning_objective_id', 'course_branch_id']"
coursera_warehouse.edw_prod.authoring_course_branches,prod.silver.courral_authoring_course_branches_vw,Done,No,EDSMIG-5216,prod.silver_base.courral_authoring_course_branches,,
coursera_warehouse.edw_prod.authoring_course_branch_grading_late_penalties,prod.general.stg_course_branch_grading_late_penalties_vw,Done,No,EDSMIG-5215,prod.general.stg_course_branch_grading_late_penalties,,
coursera_warehouse.edw_prod.aurora_mailspin_campaign,prod.silver.courral_aurora_mailspin_campaign_vw,Done,No,EDSMIG-5211,prod.silver_base.courral_aurora_mailspin_campaign,courral_aurora_mailspin_campaign,['doc_key']
coursera_warehouse.edw_prod.atom_relations,prod.silver.courral_atom_relations_vw,Done,No,EDSMIG-5208,prod.silver_base.courral_atom_relations,courral_atom_relations,['doc_key']
coursera_warehouse.edw_prod.atlassian_coupons,prod.silver.static_atlassian_coupons_vw,Done,No,EDSMIG-5206,prod.silver_base.static_atlassian_coupons,,
coursera_warehouse.edw_prod.assignment_part_submissions,prod.silver.static_assignment_part_submissions_vw,Done,No,EDSMIG-5200,prod.silver_base.static_assignment_part_submissions,,
coursera_warehouse.edw_prod.assets,prod.silver.courral_assets_vw,Done,No,EDSMIG-5199,prod.silver_base.courral_assets,courral_assets,['doc_key']
coursera_warehouse.edw_prod.an_surveys,prod.silver.courral_an_surveys_vw,Done,No,EDSMIG-5183,prod.silver_base.courral_an_surveys,courral_an_surveys,['doc_key']
coursera_warehouse.edw_prod.an_survey_sections,prod.silver.courral_an_survey_sections_vw,Done,No,EDSMIG-5179,prod.silver_base.courral_an_survey_sections,courral_an_survey_sections,"['doc_key', 'survey_section_id']"
coursera_warehouse.edw_prod.an_survey_questions_content,prod.silver.courral_an_survey_questions_content_vw,Done,No,EDSMIG-5176,prod.silver_base.courral_an_survey_questions_content,courral_an_survey_questions_content,"['doc_key', 'questions_index']"
coursera_warehouse.edw_prod.an_survey_questions,prod.silver.courral_an_survey_questions_vw,Done,No,EDSMIG-5175,prod.silver_base.courral_an_survey_questions,courral_an_survey_questions,"['doc_key', 'questions_index']"
coursera_warehouse.edw_prod.team_review_contents,prod.silver.courral_team_review_contents_vw,Done,No,EDSMIG-5157,prod.silver_base.courral_team_review_contents,courral_team_review_contents,"['version', 'doc_key']"
coursera_warehouse.edw_prod.staff_graded_assignment_submission_evaluations,prod.silver.courral_staff_graded_assignment_submission_evaluations_vw,Done,No,EDSMIG-5151,prod.silver_base.courral_staff_graded_assignment_submission_evaluations,,
coursera_warehouse.edw_prod.staff_graded_assignment_submission_evaluation_response_part_multi_line_details,prod.silver.courral_staff_graded_assignment_submission_evaluation_response_part_multi_line_details_vw,Done,No,EDSMIG-5146,prod.silver_base.courral_staff_graded_assignment_submission_evaluation_response_part_multi_line_details,,
coursera_warehouse.edw_prod.s12n_progress_course_requirements,prod.silver.dynamodb_s12n_progress_course_requirements_vw,Done,No,EDSMIG-5144,prod.silver_base.dynamodb_s12n_progress_course_requirements,dynamodb_s12n_progress_course_requirements,['specialization_id']
coursera_warehouse.edw_prod.reading_contents,prod.silver.courral_reading_contents_vw,Done,No,EDSMIG-5143,prod.silver_base.courral_reading_contents,courral_reading_contents,"['version', 'doc_key']"
coursera_warehouse.edw_prod.quiz_contents,prod.silver.courral_quiz_contents_vw,Done,No,EDSMIG-5142,prod.silver_base.courral_quiz_contents,courral_quiz_contents,"['version', 'doc_key']"
coursera_warehouse.edw_prod.program_assign_contents,prod.silver.courral_program_assign_contents_vw,Done,No,EDSMIG-5140,prod.silver_base.courral_program_assign_contents,courral_program_assign_contents,"['version', 'doc_key']"
coursera_warehouse.edw_prod.phoenix_specializations,prod.gold.phoenix_specializations_vw,Done,No,EDSMIG-5139,prod.gold_base.phoenix_specializations,,
coursera_warehouse.edw_prod.peer_submissions,prod.gold.peer_submissions_vw,Done,No,EDSMIG-5138,prod.gold_base.peer_submissions,,
coursera_warehouse.edw_prod.peer_submission_part_urls,prod.silver.peer_submission_part_urls_vw,Done,No,EDSMIG-5137,prod.silver_base.peer_submission_part_urls,,
coursera_warehouse.edw_prod.peer_submission_part_scores_v2,prod.gold.peer_submission_part_scores_vw,Done,No,EDSMIG-5136,prod.gold_base.peer_submission_part_scores,,
coursera_warehouse.edw_prod.peer_submission_part_free_responses,prod.silver.peer_submission_part_free_responses_vw,Done,No,EDSMIG-5135,prod.silver_base.peer_submission_part_free_responses,,
coursera_warehouse.edw_prod.peer_skips,prod.silver.courral_peer_skips_vw,Done,No,EDSMIG-5133,prod.silver_base.courral_peer_skips,courral_peer_skips,['doc_key']
coursera_warehouse.edw_prod.peer_reviews,prod.gold.peer_reviews_vw,Done,No,EDSMIG-5132,prod.gold_base.peer_reviews,,
coursera_warehouse.edw_prod.peer_review_part_free_responses,prod.silver.peer_review_part_free_responses_vw,Done,No,EDSMIG-5131,prod.silver_base.peer_review_part_free_responses,,
coursera_warehouse.edw_prod.peer_review_part_choices,prod.silver.peer_review_part_choices_vw,Done,No,EDSMIG-5130,prod.silver_base.peer_review_part_choices,,
coursera_warehouse.edw_prod.peer_comments,prod.silver.courral_peer_comments_vw,Done,No,EDSMIG-5125,prod.silver_base.courral_peer_comments,courral_peer_comments,['doc_key']
coursera_warehouse.edw_prod.peer_assignments,prod.gold.peer_assignments_vw,Done,No,EDSMIG-5124,prod.gold_base.peer_assignments,,
coursera_warehouse.edw_prod.peer_assignment_review_schema_parts,prod.gold.peer_assignment_review_schema_parts_vw,Done,No,EDSMIG-5122,prod.gold_base.peer_assignment_review_schema_parts,,
coursera_warehouse.edw_prod.peer_assignment_review_schema_part_options,prod.gold.peer_assignment_review_schema_part_options_vw,Done,No,EDSMIG-5121,prod.gold_base.peer_assignment_review_schema_part_options,,
coursera_warehouse.edw_prod.learner_item_grades,prod.silver.courral_learner_item_grades_vw,Done,No,EDSMIG-5120,prod.silver_base.courral_learner_item_grades,courral_learner_item_grades,"['doc_key', 'transact_seq']"
coursera_warehouse.edw_prod.learner_item_evaluations,prod.silver.courral_learner_item_evaluations_vw,Done,No,EDSMIG-5119,prod.silver_base.courral_learner_item_evaluations,courral_learner_item_evaluations,['doc_key']
coursera_warehouse.edw_prod.learner_item_evaluation_late_penalties,prod.silver.courral_learner_item_evaluation_late_penalties_all_vw,Done,No,EDSMIG-5118,prod.silver_base.courral_learner_item_evaluation_late_penalties_all,courral_learner_item_evaluation_late_penalties_all,['versioned_learner_item_evaluation_id']
coursera_warehouse.edw_prod.languages,prod.silver.static_languages_vw,Done,No,EDSMIG-5115,prod.silver_base.static_languages,,
coursera_warehouse.edw_prod.feedback_course_ratings,prod.silver.feedback_course_ratings_vw,Done,No,EDSMIG-5113,prod.silver_base.feedback_course_ratings,,
coursera_warehouse.edw_prod.enterprise_program_membership_actions,prod.silver.enterprise_program_membership_actions_vw,Done,No,EDSMIG-5110,prod.silver_base.enterprise_program_membership_actions,enterprise_program_membership_actions,['enterprise_program_membership_action_id']
coursera_warehouse.edw_prod.course_languages,prod.silver.courral_course_languages_vw,Done,No,EDSMIG-5107,prod.silver_base.courral_course_languages,courral_course_languages,"['doc_key', 'idx']"
coursera_warehouse.edw_prod.cheating_case_evidence_items_details_submission_flagged_by_similarity_check_system,prod.silver.courral_cheating_case_evidence_items_details_submission_flagged_by_similarity_check_system_vw,Done,No,EDSMIG-5102,prod.silver_base.courral_cheating_case_evidence_items_details_submission_flagged_by_similarity_check_system,courral_cheating_case_evidence_items_details_submission_flagged_by_similarity_check_system,"['doc_key', 'evidence_item_index', 'similarity_check_id']"
coursera_warehouse.edw_prod.cheating_case_evidence_items_details,prod.silver.courral_cheating_case_evidence_items_details_vw,Done,No,EDSMIG-5099,prod.silver_base.courral_cheating_case_evidence_items_details,courral_cheating_case_evidence_items_details,"['doc_key', 'evidence_item_index', 'evidence_item_type']"
coursera_warehouse.edw_prod.cheating_case_evidence_items,prod.silver.courral_cheating_case_evidence_items_vw,Done,No,EDSMIG-5098,prod.silver_base.courral_cheating_case_evidence_items,courral_cheating_case_evidence_items,"['doc_key', 'evidence_item_index']"
coursera_warehouse.edw_prod.atoms,prod.general.stg_atoms_vw,Done,No,EDSMIG-5096,prod.general.stg_atoms,,
coursera_warehouse.edw_prod.atom_content_types,prod.general.stg_atom_content_types,Done,No,EDSMIG-5095,prod.general.stg_atom_content_types,,
coursera_warehouse.edw_prod.assessments,prod.silver.courral_quiz_assessments_vw,Done,No,EDSMIG-5094,prod.silver_base.courral_quiz_assessments,courral_quiz_assessments,"['doc_key', 'version']"
coursera_warehouse.edw_prod.assessment_types,prod.silver.static_quiz_assessment_types_vw,Done,No,EDSMIG-5093,prod.silver_base.static_quiz_assessment_types,,
coursera_warehouse.edw_prod.assessment_text_exact_match_questions,prod.silver.courral_quiz_assessment_text_exact_match_questions_vw,Done,No,EDSMIG-5092,prod.silver_base.courral_quiz_assessment_text_exact_match_questions,,
coursera_warehouse.edw_prod.assessment_text_exact_match_patterns,prod.gold.quiz_assessment_text_exact_match_patterns_vw,Done,No,EDSMIG-5091,prod.gold_base.quiz_assessment_text_exact_match_patterns,,
coursera_warehouse.edw_prod.assessment_single_numeric_questions,prod.silver.courral_quiz_assessment_single_numeric_questions_vw,Done,No,EDSMIG-5090,prod.silver_base.courral_quiz_assessment_single_numeric_questions,,
coursera_warehouse.edw_prod.assessment_single_numeric_patterns,prod.gold.quiz_assessment_single_numeric_patterns_vw,Done,No,EDSMIG-5089,prod.gold_base.quiz_assessment_single_numeric_patterns,,
coursera_warehouse.edw_prod.assessment_scope_types,prod.silver.static_quiz_assessment_scope_types_vw,Done,No,EDSMIG-5087,prod.silver_base.static_quiz_assessment_scope_types,,
coursera_warehouse.edw_prod.assessment_regex_questions,prod.silver.courral_quiz_assessment_regex_questions_vw,Done,No,EDSMIG-5085,prod.silver_base.courral_quiz_assessment_regex_questions,,
coursera_warehouse.edw_prod.assessment_regex_patterns,prod.silver.courral_quiz_assessment_regex_patterns_vw,Done,No,EDSMIG-5084,prod.silver_base.courral_quiz_assessment_regex_patterns,,
coursera_warehouse.edw_prod.assessment_regex_pattern_flags,prod.gold.quiz_assessment_regex_pattern_flags_vw,Done,No,EDSMIG-5083,prod.gold_base.quiz_assessment_regex_pattern_flags,,
coursera_warehouse.edw_prod.assessment_reflect_questions,prod.silver.courral_quiz_assessment_reflect_questions_vw,Done,No,EDSMIG-5082,prod.silver_base.courral_quiz_assessment_reflect_questions,,
coursera_warehouse.edw_prod.assessment_questions,prod.silver.courral_quiz_assessment_questions_vw,Done,No,EDSMIG-5080,prod.silver_base.courral_quiz_assessment_questions,courral_quiz_assessment_questions,"['version', 'doc_key']"
coursera_warehouse.edw_prod.assessment_question_types,prod.silver.static_quiz_assessment_question_types_vw,Done,No,EDSMIG-5079,prod.silver_base.static_quiz_assessment_question_types,,
coursera_warehouse.edw_prod.assessment_pattern_types,prod.silver.static_quiz_assessment_pattern_types_vw,Done,No,EDSMIG-5078,prod.silver_base.static_quiz_assessment_pattern_types,,
coursera_warehouse.edw_prod.assessment_pattern_flag_types,prod.silver.static_quiz_assessment_pattern_flag_types_vw,Done,No,EDSMIG-5077,prod.silver_base.static_quiz_assessment_pattern_flag_types,,
coursera_warehouse.edw_prod.assessment_mcq_reflect_questions,prod.silver.courral_quiz_assessment_mcq_reflect_questions_vw,Done,No,EDSMIG-5076,prod.silver_base.courral_quiz_assessment_mcq_reflect_questions,,
coursera_warehouse.edw_prod.assessment_mcq_questions,prod.silver.courral_quiz_assessment_mcq_questions_vw,Done,No,EDSMIG-5075,prod.silver_base.courral_quiz_assessment_mcq_questions,,
coursera_warehouse.edw_prod.assessment_math_expression_questions,prod.silver.courral_quiz_assessment_math_expression_questions_vw,Done,No,EDSMIG-5074,prod.silver_base.courral_quiz_assessment_math_expression_questions,,
coursera_warehouse.edw_prod.assessment_math_expression_patterns,prod.gold.quiz_assessment_math_expression_patterns_vw,Done,No,EDSMIG-5073,prod.gold_base.quiz_assessment_math_expression_patterns,,
coursera_warehouse.edw_prod.assessment_checkbox_reflect_questions,prod.silver.courral_quiz_assessment_checkbox_reflect_questions_vw,Done,No,EDSMIG-5072,prod.silver_base.courral_quiz_assessment_checkbox_reflect_questions,,
coursera_warehouse.edw_prod.assessment_checkbox_questions,prod.silver.courral_quiz_assessment_checkbox_questions_vw,Done,No,EDSMIG-5071,prod.silver_base.courral_quiz_assessment_checkbox_questions,,
coursera_warehouse.edw_prod.assessment_assessments_questions,prod.gold.quiz_assessment_questions_vw,Done,No,EDSMIG-5070,prod.gold_base.quiz_assessment_questions,,
coursera_warehouse.edw_prod.s12n_progress_history,prod.silver.dynamodb_s12n_progress_history_vw,Done,No,EDSMIG-5069,prod.silver_base.dynamodb_s12n_progress_history,dynamodb_s12n_progress_history,"['specialization_id', 'user_id', 'version']"
coursera_warehouse.edw_prod.s12n_progress,prod.silver.dynamodb_s12n_progress_vw,Done,No,EDSMIG-5068,prod.silver_base.dynamodb_s12n_progress,dynamodb_s12n_progress,"['specialization_id', 'user_id']"
coursera_warehouse.edw_prod.users,prod.general.stg_users_vw,Done,No,EDSMIG-5065,prod.general.stg_users,,
coursera_warehouse.edw_prod.subscriptions,prod.silver.payments_subscriptions_vw,Done,No,EDSMIG-5063,prod.silver_base.payments_subscriptions,payments_subscriptions,['id']
coursera_warehouse.edw_prod.group_memberships,prod.silver_pii.courral_group_memberships_vw,Done,No,EDSMIG-5061,prod.silver_base_pii.courral_group_memberships,courral_group_memberships,['doc_key']
coursera_warehouse.edw_prod.feedback_item_ratings,prod.general.feedback_course_ratings_vw,Done,No,EDSMIG-5060,prod.general.feedback_course_ratings,,
coursera_warehouse.edw_prod.course_memberships,prod.silver.courral_course_memberships_vw,Done,No,EDSMIG-5057,prod.silver_base.courral_course_memberships,courral_course_memberships,"['doc_key', 'course_membership_ts']"
coursera_warehouse.edw_prod.assessment_options,prod.gold.quiz_assessment_options_vw,Done,No,EDSMIG-5053,prod.gold_base.quiz_assessment_options,,
pii.raw_events,prod.silver_pii.cleaned_events_all_vw,Done,No,EDSMIG-4346,prod.silver_base_pii.cleaned_events_all,,
pii.google_participant_entry_survey_v3_2022_unhashed,prod.general_pii.google_participant_entry_survey_v3_2022_unhashed,Done,No,EDSMIG-4055,prod.general_pii.google_participant_entry_survey_v3_2022_unhashed,,
pii.google_participant_entry_survey_v3_2022,prod.general_pii.google_participant_entry_survey_v3_2022,Done,No,EDSMIG-4053,prod.general_pii.google_participant_entry_survey_v3_2022,,
pii.google_certificate_pulse_survey_v2_2022_unhashed,prod.general_pii.google_certificate_pulse_survey_v2_2022_unhashed,Done,No,EDSMIG-4026,prod.general_pii.google_certificate_pulse_survey_v2_2022_unhashed,,
pii.google_certificate_pulse_survey_v2_2022,prod.general_pii.google_certificate_pulse_survey_v2_2022,Done,No,EDSMIG-4024,prod.general_pii.google_certificate_pulse_survey_v2_2022,,
pii.google_certificate_participant_completion_survey_v3_2022_unhashed,prod.general_pii.google_certificate_participant_completion_survey_v3_2022_unhashed,Done,No,EDSMIG-4023,prod.general_pii.google_certificate_participant_completion_survey_v3_2022_unhashed,,
pii.google_certificate_participant_completion_survey_v3_2022,prod.general_pii.google_certificate_participant_completion_survey_v3_2022,Done,No,EDSMIG-4021,prod.general_pii.google_certificate_participant_completion_survey_v3_2022,,
pii.google_cert_completion_master_survey,prod.general_pii.google_cert_completion_master_survey,Done,No,EDSMIG-3996,prod.general_pii.google_cert_completion_master_survey,,
pii.google_aie_completion_survey_unhashed,prod.general_pii.google_aie_completion_survey_unhashed,Done,No,EDSMIG-3995,prod.general_pii.google_aie_completion_survey_unhashed,,
pii.google_aie_completion_survey,prod.general_pii.google_aie_completion_survey,Done,No,EDSMIG-3993,prod.general_pii.google_aie_completion_survey,,
pii.enterprise_los_workforce_post,prod.general_pii.enterprise_los_workforce_post,Done,No,EDSMIG-3915,prod.general_pii.enterprise_los_workforce_post,,
pii.enterprise_los_workforce_entry,prod.general_pii.enterprise_los_workforce_entry,Done,No,EDSMIG-3913,prod.general_pii.enterprise_los_workforce_entry,,
pii.enterprise_los_social_impact_post,prod.general_pii.enterprise_los_social_impact_post,Done,No,EDSMIG-3909,prod.general_pii.enterprise_los_social_impact_post,,
pii.enterprise_los_social_impact_entry,prod.general_pii.enterprise_los_social_impact_entry,Done,No,EDSMIG-3907,prod.general_pii.enterprise_los_social_impact_entry,,
pii.enterprise_los_government_post,prod.general_pii.enterprise_los_government_post,Done,No,EDSMIG-3905,prod.general_pii.enterprise_los_government_post,,
pii.enterprise_los_government_entry,prod.general_pii.enterprise_los_government_entry,Done,No,EDSMIG-3903,prod.general_pii.enterprise_los_government_entry,,
pii.enterprise_los_campus_post,prod.general_pii.enterprise_los_campus_post,Done,No,EDSMIG-3901,prod.general_pii.enterprise_los_campus_post,,
pii.enterprise_los_business_post,prod.general_pii.enterprise_los_business_post,Done,No,EDSMIG-3897,prod.general_pii.enterprise_los_business_post,,
pii.enterprise_los_business_entry,prod.general_pii.enterprise_los_business_entry,Done,No,EDSMIG-3895,prod.general_pii.enterprise_los_business_entry,,
pii.degree_profile_uol_bsccs,prod.general_pii.degree_profile_uol_bsccs,Done,No,EDSMIG-3810,prod.general_pii.degree_profile_uol_bsccs,,
pii.degree_profile_uniandes_miso,prod.general_pii.degree_profile_uniandes_miso,Done,No,EDSMIG-3806,prod.general_pii.degree_profile_uniandes_miso,,
pii.degree_profile_hec_msie,prod.general_pii.degree_profile_hec_msie,Done,No,EDSMIG-3802,prod.general_pii.degree_profile_hec_msie,,
pii.consumer_los_spec_post,prod.general_pii.consumer_los_spec_post,Done,No,EDSMIG-3708,prod.general_pii.consumer_los_spec_post,,
pii.consumer_los_course_post,prod.general_pii.consumer_los_course_post,Done,No,EDSMIG-3706,prod.general_pii.consumer_los_course_post,,
pii.consumer_los_cert_post,prod.general_pii.consumer_los_cert_post,Done,No,EDSMIG-3704,prod.general_pii.consumer_los_cert_post,,
pii.consumer_los_cert_entry,prod.general_pii.consumer_los_cert_entry,Done,No,EDSMIG-3702,prod.general_pii.consumer_los_cert_entry,,
pii.consumer_los_cert_completion,prod.general_pii.consumer_los_cert_completion,Done,No,EDSMIG-3700,prod.general_pii.consumer_los_cert_completion,,
finsys.estimated_b2c_revenue_recognition_staging_error_records,prod.gold_base_restricted.estimated_b2c_rev_rec_error_records,Done,No,EDSMIG-3176,prod.gold_base_base_restricted.estimated_b2c_rev_rec_error_records,,
finsys.estimated_b2c_cash_rev_in_trailing_n_days,prod.gold_base_restricted.estimated_b2c_cash_rev_in_trailing_n_days,Done,No,EDSMIG-3172,prod.gold_base_base_restricted.estimated_b2c_cash_rev_in_trailing_n_days,,
finsys.estimated_b2c_cash_rev_fcst_yoy,prod.gold_base_restricted.estimated_b2c_cash_rev_fcst_yoy,Done,No,EDSMIG-3171,prod.gold_base_base_restricted.estimated_b2c_cash_rev_fcst_yoy,,
finsys.estimated_b2c_cash_rev_fcst_report,prod.gold_base_restricted.estimated_b2c_cash_rev_fcst_report,Done,No,EDSMIG-3170,prod.gold_base_base_restricted.estimated_b2c_cash_rev_fcst_report,,
finsys.estimated_b2c_cash_rev_actual_fcst,prod.gold_base_restricted.estimated_b2c_cash_rev_actual_fcst,Done,No,EDSMIG-3169,prod.gold_base_base_restricted.estimated_b2c_cash_rev_actual_fcst,,
core_prep.user_registration_stats,prod.general.stg_user_registration_stats,Done,No,EDSMIG-2425,prod.general.stg_user_registration_stats,,
core_prep.phoenix_specialization_enrollments_about_clite,prod.general.stg_phoenix_specialization_enrollments_about_clite,Done,No,EDSMIG-2256,prod.general.stg_phoenix_specialization_enrollments_about_clite,,
core_prep.b2c_funnel_monthly_user_states,prod.general.b2c_funnel_monthly_user_states,Done,No,EDSMIG-1941,prod.general.b2c_funnel_monthly_user_states,,
core_prep.active_master_skills,general.stg_active_master_skills,Done,No,EDSMIG-1915,general.stg_active_master_skills,,
core.users,prod.gold.users_vw,Done,No,EDSMIG-1742,prod.gold_base.users,,
core.user_course_branch_modules,prod.gold.user_course_branch_modules_vw,Done,No,EDSMIG-1738,prod.gold_base.user_course_branch_modules,,
core.user_course_branch_items,prod.gold.user_course_branch_items_vw,Done,No,EDSMIG-1736,prod.gold_base.user_course_branch_items,,
core.l2_impressions,prod.gold_base.impressions,Done,No,EDSMIG-1705,prod.gold_base_base.impressions,,
core.l2_clicks,prod.gold_base.clicks,Done,No,EDSMIG-1697,prod.gold_base_base.clicks,,
core.l1_learner_pendo_polls,prod.silver.pendo_learner_polls_vw,Done,No,EDSMIG-1691,prod.silver_base.pendo_learner_polls,pendo_learner_polls,"['guide_id', 'poll_id']"
core.l1_learner_pendo_poll_responses,prod.silver.pendo_learner_poll_responses_vw,Done,No,EDSMIG-1690,prod.silver_base.pendo_learner_poll_responses,pendo_learner_poll_responses,"['guide_id', 'poll_id', 'time']"
core.l1_learner_pendo_guides,prod.silver.pendo_learner_guides_vw,Done,No,EDSMIG-1689,prod.silver_base.pendo_learner_guides,pendo_learner_guides,['guide_id']
core.l1_authoring_pendo_polls,prod.silver.pendo_author_polls_vw,Done,No,EDSMIG-1688,prod.silver_base.pendo_author_polls,pendo_author_polls,"['guide_id', 'poll_id']"
core.l1_authoring_pendo_poll_responses,prod.silver.pendo_author_poll_responses_vw,Done,No,EDSMIG-1687,prod.silver_base.pendo_author_poll_responses,pendo_author_poll_responses,"['guide_id', 'poll_id', 'time']"
core.l1_authoring_pendo_guides,prod.silver.pendo_author_guides_vw,Done,No,EDSMIG-1686,prod.silver_base.pendo_author_guides,pendo_author_guides,['guide_id']
core.enterprise_learner_levelsets_t2,prod.gold.enterprise_learner_levelsets_t2_vw,Done,No,EDSMIG-1676,prod.gold_base.enterprise_learner_levelsets_t2,,
core.enterprise_learner_levelsets_full_history_t2,prod.gold.enterprise_learner_levelsets_full_history_t2_vw,Done,No,EDSMIG-1675,prod.gold_base.enterprise_learner_levelsets_full_history_t2,,
core.degree_program_categories,prod.silver.degree_program_categories_vw,Done,No,EDSMIG-1665,prod.silver_base.degree_program_categories,,
core.course_branch_assessment_versions,prod.gold.course_branch_assessment_versions_vw,Done,No,EDSMIG-1659,prod.gold_base.course_branch_assessment_versions,,
core.countries,prod.silver.static_countries_vw,Done,No,EDSMIG-1658,prod.silver_base.static_countries,,
core.active_master_role_skills,general.stg_active_master_role_skills,Done,No,EDSMIG-1651,general.stg_active_master_role_skills,,
core.active_branch_role_skills,general.stg_active_branch_role_skills,Done,No,EDSMIG-1649,general.stg_active_branch_role_skills,,
core.user_course_modules,prod.gold.user_course_branch_modules_vw,Done,No,EDSMIG-1647,prod.gold_base.user_course_branch_modules,,
core.unified_specializations_partners,prod.gold.unified_specializations_partners_vw,Done,No,EDSMIG-1640,prod.gold_base.unified_specializations_partners,,
core.unified_specializations_courses,prod.gold.unified_specializations_courses_vw,Done,No,EDSMIG-1639,prod.gold_base.unified_specializations_courses,,
core.unified_specializations,prod.gold.unified_specializations_vw,Done,No,EDSMIG-1638,prod.gold_base.unified_specializations,,
core.unified_courses_partners,prod.gold.unified_courses_partners_vw,Done,No,EDSMIG-1637,prod.gold_base.unified_courses_partners,,
core.unified_courses,prod.gold.unified_courses_vw,Done,No,EDSMIG-1636,prod.gold_base.unified_courses,,
core.unified_course_enrollments,prod.gold.unified_course_enrollments_vw,Done,No,EDSMIG-1634,prod.gold_base.unified_course_enrollments,,
core.sequence_branches_courses,prod.gold.sequence_branches_primary_courses_vw/ prod.silver.dynamodb_s12n_progress_course_requirements_primary_courses_vw,Done,No,EDSMIG-1629,prod.gold_base.sequence_branches_primary_courses/ prod.silver_base.dynamodb_s12n_progress_course_requirements_primary_courses,dynamodb_s12n_progress_course_requirements_primary_courses,"['specialization_id', 'primary_course_order']"
core.quarters,prod.silver.static_quarters_vw,Done,No,EDSMIG-1628,prod.silver_base.static_quarters,,
core.plagiarism_cases,prod.gold.plagiarism_cases_vw,Done,No,EDSMIG-1626,prod.gold_base.plagiarism_cases,,
core.phoenix_specializations_partners,prod.gold.phoenix_specializations_partners_vw,Done,No,EDSMIG-1625,prod.gold_base.phoenix_specializations_partners,,
core.phoenix_specializations,prod.gold.phoenix_specializations_dim_vw,Done,No,EDSMIG-1624,prod.gold_base.phoenix_specializations_dim,,
core.phoenix_specialization_enrollments_derived_metrics,prod.gold_base.phoenix_specialization_enrollments_derived_metrics,Done,No,EDSMIG-1623,prod.gold_base_base.phoenix_specialization_enrollments_derived_metrics,,
core.partners,prod.gold.partner_vw,Done,No,EDSMIG-1621,prod.gold_base.partner,,
core.l2_courses,prod.gold.courses_vw,Done,No,EDSMIG-1611,prod.gold_base.courses,,
core.l2_course_branch_items,prod.gold.course_branch_items_vw,Done,No,EDSMIG-1609,prod.gold_base.course_branch_items,,
core.l2_course_branch_item_contents,prod.gold.course_branch_item_contents_vw,Done,No,EDSMIG-1608,prod.gold_base.course_branch_item_contents,,
core.enterprise_wes_transactions,prod.gold.enterprise_wes_transactions_vw,Done,No,EDSMIG-1607,prod.gold_base.enterprise_wes_transactions,,
core.courses_partners,prod.gold.courses_partners_vw,Done,No,EDSMIG-1581,prod.gold_base.courses_partners,,
core.courses,prod.gold.courses_vw,Done,No,EDSMIG-1579,prod.gold_base.courses,,
core.course_modules,prod.gold.course_branch_module_stats_vw,Done,No,EDSMIG-1575,prod.gold_base.course_branch_module_stats,,
core.course_lessons,prod.gold.course_branch_lesson_stats_vw,Done,No,EDSMIG-1574,prod.gold_base.course_branch_lesson_stats,,
core.course_items,prod.gold.course_branch_items_vw,Done,No,EDSMIG-1573,prod.gold_base.course_branch_items,,
core.course_instructors,prod.gold_pii.course_instructors_vw,Done,No,EDSMIG-1572,prod.gold_base_pii.course_instructors,,
core.course_branches,prod.gold.course_branches_vw,Done,No,EDSMIG-1568,prod.gold_base.course_branches,,
core.course_branch_syllabus,prod.gold.course_branch_syllabus_vw,Done,No,EDSMIG-1567,prod.gold_base.course_branch_syllabus,,
core.course_branch_modules,prod.gold.course_branch_module_stats_vw,Done,No,EDSMIG-1566,prod.gold_base.course_branch_module_stats,,
core.course_branch_lessons,prod.gold.course_branch_lesson_stats_vw,Done,No,EDSMIG-1565,prod.gold_base.course_branch_lesson_stats,,
core.course_branch_items,prod.gold.course_branch_items_vw/prod.gold.course_branch_item_grading_weight_info_vw,Done,No,EDSMIG-1564,prod.gold_base.course_branch_items/prod.gold_base.course_branch_item_grading_weight_info,,
core.calendar,prod.silver.calendar_vw,Done,No,EDSMIG-1562,prod.silver_base.calendar,,
core.base_phoenix_specializations_partners,prod.gold.base_phoenix_specializations_partners_vw,Done,No,EDSMIG-1561,prod.gold_base.base_phoenix_specializations_partners,,
core.base_phoenix_specializations,prod.gold.base_phoenix_specializations_vw,Done,No,EDSMIG-1560,prod.gold_base.base_phoenix_specializations,,
core.base_phoenix_specialization_cubes,prod.gold_base.base_phoenix_specialization_cubes,Done,No,EDSMIG-1559,prod.gold_base_base.base_phoenix_specialization_cubes,,
bi.user_course_item_time_spent,prod.bi.user_course_item_time_spent,Done,No,EDSMIG-1372,prod.bi.user_course_item_time_spent,,
bi.user_course_effort_flags,prod.bi.user_course_effort_flags,Done,No,EDSMIG-1369,prod.bi.user_course_effort_flags,,
bi.user_course_branch_week_time_spent,prod.bi.user_course_branch_week_time_spent,Done,No,EDSMIG-1366,prod.bi.user_course_branch_week_time_spent,,
bi.paid_engaged_learners,prod.bi.paid_engaged_learners,Done,No,EDSMIG-996,prod.bi.paid_engaged_learners,,
bi.on_demand_sessions_item_deadlines,prod.bi.on_demand_sessions_item_deadlines,Done,No,EDSMIG-968,prod.bi.on_demand_sessions_item_deadlines,,
bi.current_retention,prod.bi.current_retention,Done,No,EDSMIG-417,prod.bi.current_retention,,
bi.cplus_subscriptions,prod.bi.cplus_subscriptions,Done,No,EDSMIG-347,prod.bi.cplus_subscriptions,,
bi.course_enrollments_learning_sessions,prod.bi.course_enrollments_learning_sessions,Done,No,EDSMIG-317,prod.bi.course_enrollments_learning_sessions,,
bi.course_branches_insights,prod.bi.course_branches_insights,Done,No,EDSMIG-306,prod.bi.course_branches_insights,,
bi.course_branch_weeks_insights,prod.bi.course_branch_weeks_insights,Done,No,EDSMIG-305,prod.bi.course_branch_weeks_insights,,
bi.course_branch_module_week_numbers,prod.bi.course_branch_module_week_numbers,Done,No,EDSMIG-302,prod.bi.course_branch_module_week_numbers,,
bi.course_branch_items_insights,prod.bi.course_branch_items_insights,Done,No,EDSMIG-301,prod.bi.course_branch_items_insights,,
bi.course_branch_item_details,prod.bi.course_branch_item_details,Done,No,EDSMIG-296,prod.bi.course_branch_item_details,,
bi.active_subscriptions,prod.bi.active_subscriptions,Done,No,EDSMIG-125,prod.bi.active_subscriptions,,
bi.core_user_course_branch_weeks,prod.bi.core_user_course_branch_weeks,Done,No,EDSMIG-84,prod.bi.core_user_course_branch_weeks,,
